Metric,Value
Mean Absolute Error (MAE),69.92004171145336
Mean Squared Error (MSE),13343.094017046762
Root Mean Squared Error (RMSE),0.7077383603059467
R^2 Score,0.50089358664855
