Metric,Value
Mean Absolute Error (MAE),65.80304398058601
Mean Squared Error (MSE),12546.768277819281
Root Mean Squared Error (RMSE),0.7284782956785821
R^2 Score,0.5306806272747717
